剧名,分类,标签(逗号分隔),画质,集数,状态,年份,演员,百度链接,百度提取码,夸克链接,夸克提取码,简介
这一秒过火,热播剧,"民国,虐恋,2026",1080P,更01集,更新中,2026,张凌赫/王楚然/付辛博,,,,,改编自匪我思存小说 民国虐恋剧
百花杀,热播剧,"古装,权谋,2025",1080P,更21集,更新中,2025,孟子义/何与,,,,,古装权谋大剧
百华剑,热播剧,"古装,武侠,2025",1080P,,更新中,2025,,,,,,
枭起青壤,热播剧,"悬疑,奇幻,2025",1080P,,已完结,2025,,,,,,尾鱼小说改编
凶宅专卖店,热播剧,"悬疑,恐怖,2025",1080P,,已完结,2025,,,,,,
雨霖铃,热播剧,"古装,言情,2025",1080P,,已完结,2025,,,,,,
朱雀堂,热播剧,"古装,悬疑,2025",1080P,,已完结,2025,,,,,,
太平年,热播剧,"古装,权谋,2025",1080P,,更新中,2025,,,,,,
莫离,热播剧,"古装,奇幻,2025",1080P,,更新中,2025,,,,,,
探晴安,热播剧,"古装,探案,2025",1080P,,已完结,2025,,,,,,
九重紫,热播剧,"古装,言情,2025",1080P,,已完结,2025,,,,,,
江湖夜雨十年灯,热播剧,"古装,武侠,2025",1080P,,更新中,2025,,,,,,
她的盛衰,热播剧,"都市,女性,2025",1080P,,更新中,2025,,,,,,
佳偶天成,热播剧,"古装,甜宠,2025",1080P,,已完结,2025,,,,,,
问心2,热播剧,"都市,医疗,2025",1080P,,更新中,2025,,,,,,问心第二季
京城奇探,热播剧,"民国,探案,2025",1080P,,更新中,2025,,,,,,民国探案剧
斩神,动漫,"国漫,热血,2025",1080P,,更新中,2025,,,,,,国漫热血番
大唐迷毒,热播剧,"古装,悬疑,2025",1080P,,更新中,2025,,,,,,
小芳,热播剧,"年代,情感,2025",1080P,,更新中,2025,,,,,,
野狗骨头,热播剧,"悬疑,犯罪,2025",1080P,,更新中,2025,,,,,,
给你梦想,外剧,"韩剧,励志,2025",1080P,,更新中,2025,,,,,,韩剧
绘梦婚礼,外剧,"韩剧,爱情,2025",1080P,,更新中,2025,,,,,,韩剧
检察官室的提案,外剧,"韩剧,律政,2025",1080P,,更新中,2025,,,,,,韩剧
毛骨悚然的爱恋,外剧,"韩剧,悬疑,爱情",1080P,,更新中,2025,,,,,,韩剧
明天也要上班,外剧,"韩剧,职场,2025",1080P,,更新中,2025,,,,,,韩剧 姜美娜主演
罪与爱,外剧,"韩剧,犯罪,爱情",1080P,,更新中,2025,,,,,,韩剧
盗墓笔记,经典剧,"探险,盗墓,悬疑",1080P,12集全,已完结,2015,李易峰/杨洋,,,,,经典盗墓探险剧
鬼吹灯之精绝古城,经典剧,"探险,盗墓,悬疑",1080P,21集全,已完结,2016,靳东/陈乔恩,,,,,经典盗墓探险剧
况钟系列,经典剧,"古装,探案",1080P,,已完结,,,,,,,经典古装探案系列
邮明镇,小众,"悬疑,惊悚",1080P,,已完结,,,,,,,小众悬疑剧
施世伦系列,经典剧,"古装,探案",1080P,,已完结,,,,,,,经典古装探案系列
袁天罡系列,经典剧,"古装,奇幻",1080P,,已完结,,,,,,,古装奇幻系列
狄仁杰电影系列,电影,"悬疑,探案,古装",1080P,,已完结,,,,,,,狄仁杰系列电影合集
周星驰电影系列,电影,"喜剧,经典",1080P,,已完结,,,,,,,周星驰经典电影合集
日漫系列,动漫,"日漫,热血",1080P,,更新中,,,,,,,日漫合集
